,Genre
0,easy listening
1,country
2,pop
3,rock and roll
4,doo wop
5,rock and roll
6,oldies
7,rock and roll
8,rock and roll
9,pop
10,rock and roll
11,folk
12,rock and roll
13,country
14,rock and roll
15,pop
16,country
17,pop
18,rock
19,doo wop
20,pop
21,pop
22,pop
23,rock
24,soul
25,
26,country
27,soul
28,pop
29,rnb
30,swing
31,rock and roll
32,soul
33,country
34,pop
35,pop
36,country
37,jazz
38,rock and roll
39,pop
40,60s
41,country
42,country
43,60s
44,motown
45,country
46,funk
47,oldies
48,doo wop
49,rock
50,pop
51,country
52,country
53,rock
54,rock and roll
55,doo wop
56,rock and roll
57,pop
58,easy listening
59,pop
60,easy listening
61,rock and roll
62,rock
63,soul
64,soul
65,motown
66,exodus
67,pop
68,jazz
69,60s
70,rnb
71,doo wop
72,rock and roll
73,motown
74,blues
75,pop
76,easy listening
77,country
78,easy listening
79,easy listening
80,rock and roll
81,pop
82,pop
83,rnb
84,rock
85,original backing tracksdon't bet money honey
86,pop
87,country
88,rock and roll
89,doo wop
90,
91,rock
92,oldies
93,pop
94,country
95,rock and roll
96,easy listening
97,soul
98,rock and roll
99,doo wop
100,easy listening
101,soul
102,rnb
103,rock and roll
104,easy listening
105,pop
106,pop
107,soul
108,rock and roll
109,motown
110,rock and roll
111,rock and roll
112,doo wop
113,rock and roll
114,pop
115,country
116,rock and roll
117,country
118,motown
119,rock
120,jazz
121,pop
122,soul
123,rock
124,rock and roll
125,pop
126,motown
127,jazz
128,pop
129,rock
130,oldies
131,rock and roll
132,60s
133,female vocalists
134,60s
135,country
136,pop
137,soul
138,
139,instrumental
140,rnb
141,rock
142,pop
143,pop
144,pop
145,folk
146,pop
147,1962
148,oldies
149,doo wop
150,oldies
151,rock
152,country
153,pop
154,fip
155,pop
156,pop
157,soul
158,instrumental
159,soul
160,easy listening
161,pop
162,pop
163,rock
164,doo wop
165,folk
166,folk
167,pop
168,love
169,surf
170,easy listening
171,instrumental
172,jazz
173,pop
174,soul
175,pop
176,surf
177,rock and roll
178,pop
179,rock and roll
180,rock
181,motown
182,doo wop
183,pop
184,pop
185,rock
186,pop
187,easy listening
188,pop
189,pop
190,easy listening
191,rnb
192,oldies
193,soul
194,motown
195,rock
196,pop
197,jazz
198,soul
199,pop
200,jazz
201,rock
202,rock
203,swing
204,motown
205,folk
206,pop
207,motown
208,easy listening
209,jazz
210,rock
211,
212,motown
213,pop
214,soul
215,pop
216,pop
217,rock
218,names
219,rock and roll
220,
221,rock
222,pop
223,60s
224,rock
225,
226,motown
227,oldies
228,pop
229,pop
230,soul
231,rock
232,rock
233,rock and roll
234,soul
235,rock
236,soul
237,
238,reggae
239,soul
240,rock
241,pop
242,folk
243,jazz
244,rock
245,soul
246,soul
247,soul
248,oldies
249,pop
250,rock
251,
252,rock
253,folk
254,rock
255,pop
256,rock
257,rock
258,soul
259,pop
260,country
261,pop
262,the sopranos
263,soul
264,pop
265,pop
266,jazz
267,pop
268,motown
269,soul
270,pop
271,folk
272,pop
273,rock
274,easy listening
275,soul
276,pop
277,rock
278,rock
279,easy listening
280,soul
281,pop
282,
283,pop
284,motown
285,soul
286,60s
287,pop
288,folk
289,pop
290,rock
291,60s
292,pop
293,herman's hermits
294,
295,rock
296,pop
297,rock
298,soundtrack
299,pop
300,rock
301,pop
302,pop
303,motown
304,rock
305,rock
306,rock
307,motown
308,easy listening
309,rock
310,rock
311,easy listening
312,pop
313,motown
314,jazz
315,rock
316,pop
317,rock
318,soul
319,rock
320,pop
321,rock
322,rock
323,rock
324,rock
325,
326,rock
327,motown
328,rock
329,60s
330,rock
331,other
332,soul
333,soul
334,country
335,pop
336,soul
337,pop
338,rock
339,rock
340,pop
341,pop
342,rock
343,soul
344,rock
345,soul
346,rock
347,pop
348,folk
349,blues
350,pop
351,rock
352,pop
353,rock
354,rock
355,jazz
356,rock
357,pop
358,easy listening
359,rock
360,rock
361,soul
362,soul
363,soft rock
364,pop
365,soul
366,soul
367,soul
368,soft rock
369,soul
370,rock
371,rock
372,rock
373,soul
374,rock
375,motown
376,motown
377,oldies
378,soul
379,rock
380,soul
381,rock
382,motown
383,rock
384,rock
385,pop
386,doo wop
387,motown
388,rock
389,soft rock
390,pop
391,easy listening
392,pop
393,rock
394,
395,pop
396,
397,
398,pop
399,soul
400,easy listening
401,country
402,soul
403,rock
404,rock
405,easy listening
406,soundtracks
407,rock
408,soul
409,country
410,soul
411,rock
412,rock
413,pop
414,rock
415,soul
416,jazz
417,rock
418,funk
419,soul
420,motown
421,soul
422,pop
423,rock
424,rock
425,motown
426,pop
427,jazz
428,folk
429,rock
430,soul
431,pop
432,rock
433,rock
434,jazz
435,reggae
436,pop
437,rock
438,rock
439,iron leg
440,pop
441,rock
442,soul
443,soul
444,soul
445,rock
446,guilty pleasure
447,pop
448,rock
449,macarthur park
450,pop
451,jazz
452,soul
453,rock
454,funk
455,pop
456,funk
457,pop
458,soul
459,rock
460,rock
461,rock
462,rock
463,soul
464,soul
465,rock
466,soul
467,rock
468,rock
469,guitar
470,soul
471,rock
472,soft rock
473,rock
474,rock
475,rock
476,soul
477,pop
478,rock
479,soul
480,rock
481,rock
482,rock
483,country
484,soul
485,soul
486,rock
487,pop
488,pop
489,easy listening
490,pop
491,rock
492,rock
493,pop
494,funk
495,
496,rock
497,pop
498,lounge
499,folk
500,folk
501,easy listening
502,rock
503,easy listening
504,soul
505,soul
506,motown
507,rock
508,
509,soul
510,rock
511,pop
512,soft rock
513,dance
514,motown
515,motown
516,pop
517,lost
518,funk
519,rock
520,soul
521,rock
522,pop
523,motown
524,soul
525,70s
526,rock
527,motown
528,
529,rock
530,pop
531,rock
532,rock
533,rock
534,soul
535,rock
536,soul
537,country
538,soul
539,rock
540,rock
541,country
542,pop
543,soul
544,rock
545,rock
546,
547,rock
548,folk
549,rock
550,rock
551,rock
552,pop
553,pop
554,pop
555,rock
556,pop
557,country
558,soul
559,pop
560,rock
561,soul
562,soul
563,soul
564,soul
565,folk
566,soul
567,rock
568,rock
569,soul
570,soul
571,rock
572,pop
573,musical
574,country
575,easy listening
576,pop
577,pop
578,country
579,pop
580,folk
581,
582,soul
583,country
584,soft rock
585,country
586,soul
587,pop
588,soul
589,soul
590,folk
591,pop
592,folk
593,rock
594,rock
595,pop
596,rock
597,soul
598,pop
599,pop
600,pop
601,rock
602,pop
603,jazz
604,funk
605,soul
606,country
607,folk
608,soul
609,pop
610,soft rock
611,rock and roll
612,
613,soul
614,soul
615,pop
616,funk
617,funk
618,rock
619,pop
620,rock
621,electronic
622,soul
623,easy listening
624,
625,rock
626,rock
627,soul
628,soul
629,pop
630,rock
631,soul
632,rock
633,pop
634,
635,folk
636,rock
637,reggae
638,rock and roll
639,soul
640,rock
641,funk
642,soft rock
643,soul
644,soul
645,rock
646,country
647,reggae
648,soul
649,pop
650,folk
651,soul
652,soul
653,rock
654,country
655,rock
656,soul
657,pop
658,soul
659,pop
660,funk
661,pop
662,soul
663,rock
664,glam rock
665,soul
666,rock
667,soul
668,soul
669,rock
670,funk
671,soul
672,funk
673,rock
674,pop
675,country
676,rock
677,rock
678,soul
679,soul
680,
681,soul
682,rock
683,country
684,halloween
685,soul
686,soft rock
687,rock
688,funk
689,soul
690,soul
691,soul
692,soul
693,pop
694,soul
695,rock
696,rock
697,country
698,rock
699,pop
700,pop
701,soul
702,rock
703,soul
704,rock
705,disco
706,country
707,rock
708,pop
709,soul
710,funk
711,pop
712,soul
713,soul
714,pop
715,rock
716,country
717,soul
718,rock
719,pop
720,rock
721,country
722,folk
723,country
724,folk
725,pop
726,rock
727,soul
728,pop
729,soul
730,soul
731,soul
732,disco
733,rock
734,disco
735,rock
736,soul
737,soul
738,easy listening
739,pop
740,rock
741,rock
742,pop
743,folk
744,pop
745,funk
746,pop
747,soul
748,pop
749,pop
750,country
751,pop
752,country
753,pop
754,funk
755,rock
756,pop
757,country
758,disco
759,rock
760,soul
761,disco
762,rock
763,glam rock
764,b.j. thomas
765,pop
766,folk
767,funk
768,disco
769,disco
770,funk
771,soul
772,funk
773,country
774,funk
775,pop
776,rock
777,funk
778,pop
779,pop
780,rock
781,rock
782,pop
783,pop
784,easy listening
785,folk
786,rock
787,country
788,rock
789,pop
790,
791,pop
792,70s
793,rock
794,soul
795,pop
796,rock
797,soul
798,gladys knight & the pipsthe way we were 
799,rock
800,pop
801,soul
802,
803,funk
804,soul
805,soul
806,folk
807,rock
808,classical coverage
809,pop
810,pop
811,easy listening
812,disco
813,disco
814,soft rock
815,disco
816,rock
817,soul
818,disco
819,soft rock
820,disco
821,rock
822,disco
823,rock
824,disco
825,soul
826,disco
827,funk
828,funk
829,disco
830,soul
831,rock
832,soft rock
833,rock
834,country
835,rock
836,disco
837,pop
838,pop
839,disco
840,
841,pop
842,soul
843,disco
844,rock
845,pop
846,rock
847,rock
848,rock
849,rock
850,disco
851,disco
852,pop
853,soul
854,soft rock
855,disco
856,rock
857,pop
858,soft rock
859,disco
860,pop
861,disco
862,rock
863,rock
864,rock
865,pop
866,soul
867,rock
868,soul
869,soundtrack
870,country
871,pop
872,pop
873,soul
874,disco
875,
876,rock
877,pop
878,soft rock
879,rock
880,rock
881,soul
882,pop
883,jazz
884,rock
885,pop
886,rock
887,rock
888,pop
889,funk
890,rock
891,country
892,rock
893,pop
894,folk
895,rock
896,rock
897,
898,pop
899,disco
900,disco
901,70s
902,disco
903,pop
904,pop
905,soft rock
906,
907,disco
908,soul
909,disco
910,soft rock
911,grease
912,pop
913,rock
914,rock
915,pop
916,rock
917,disco
918,disco
919,jazz
920,rock
921,glam rock
922,pop
923,rock
924,rock
925,rock
926,easy listening
927,
928,1978
929,rock
930,soul
931,pop
932,pop
933,disco
934,70s
935,rock
936,rock
937,soul
938,rock
939,soft rock
940,pop
941,soul
942,soul
943,soft rock
944,pop
945,soft rock
946,soft rock
947,funk
948,rock
949,rock
950,rock
951,disco
952,disco
953,pop
954,soul
955,disco
956,disco
957,disco
958,disco
959,soft rock
960,pop
961,disco
962,soft rock
963,disco
964,disco
965,disco
966,pop
967,pop
968,rock
969,disco
970,easy listening
971,disco
972,rock
973,dj delberts dorky dance drops
974,pop
975,easy listening
976,rock
977,pop
978,pop
979,soul
980,disco
981,soul
982,pop
983,rock
984,pop
985,pop
986,disco
987,soul
988,disco
989,country
990,soft rock
991,rock
992,disco
993,rock
994,disco
995,soft rock
996,country
997,disco
998,instrumental
999,country
1000,rock
1001,rock
1002,pop
1003,pop
1004,pop
1005,rock
1006,pop
1007,disco
1008,rock
1009,pop
1010,pop
1011,electronic
1012,soul
1013,the spinnersworking my way back to you 
1014,soft rock
1015,pop
1016,soft rock
1017,disco
1018,disco
1019,rock
1020,soul
1021,soul
1022,soul
1023,
1024,rock
1025,easy listening
1026,soft rock
1027,pop
1028,the spinnerscupid 
1029,soul
1030,country
1031,soft rock
1032,soft rock
1033,country
1034,disco
1035,soul
1036,funk
1037,disco
1038,pop
1039,disco
1040,rock
1041,soul
1042,soul
1043,disco
1044,pop
1045,rock
1046,funk
1047,rock
1048,rock
1049,soft rock
1050,pop
1051,soul
1052,country
1053,pop
1054,rock
1055,disco
1056,pop
1057,country
1058,country
1059,rock
1060,rock
1061,pop
1062,motown
1063,country
1064,pop
1065,
1066,pop
1067,jazz
1068,soul
1069,rock
1070,rock
1071,disco
1072,pop
1073,disco
1074,country
1075,rock
1076,soft rock
1077,pop
1078,pop
1079,rock
1080,country
1081,rock
1082,
1083,pop
1084,pop
1085,jazz
1086,rock
1087,rock
1088,
1089,rock
1090,country
1091,easy listening
1092,pop
1093,pop
1094,country
1095,soul
1096,rock
1097,rock
1098,rock
1099,rock
1100,pop
1101,rock
1102,soul
1103,rock
1104,pop
1105,
1106,rock
1107,rock
1108,rock
1109,pop
1110,electronic
1111,rock
1112,rock
1113,pop
1114,tommy tutone867-5309 
1115,soft rock
1116,pop
1117,rock
1118,pop
1119,country
1120,country
1121,rock
1122,funk
1123,pop
1124,pop
1125,jazz
1126,soft rock
1127,soft rock
1128,pop
1129,rock
1130,rock
1131,funk
1132,rock
1133,rock
1134,rock
1135,soft rock
1136,pop
1137,soft rock
1138,rock
1139,rock
1140,pop
1141,soul
1142,pop
1143,rock
1144,soul
1145,country
1146,rock
1147,rock
1148,rock
1149,rock
1150,rock
1151,pop
1152,pop
1153,pop
1154,pop
1155,pop
1156,pop
1157,soul
1158,pop
1159,pop
1160,pop
1161,country
1162,pop
1163,rock
1164,disco
1165,pop
1166,pop
1167,rock
1168,rock
1169,pop
1170,reggae
1171,electronic
1172,rock
1173,pop
1174,rock
1175,rock
1176,rock
1177,soul
1178,pop
1179,pop
1180,soul
1181,electronic
1182,pop
1183,pop
1184,pop
1185,pop
1186,rock
1187,pop
1188,country
1189,funk
1190,rock
1191,rock
1192,rock
1193,pop
1194,pop
1195,soul
1196,pop
1197,pop
1198,pop
1199,rock
1200,funk
1201,pop
1202,pop
1203,pop
1204,pop
1205,rock
1206,soul
1207,rock
1208,pop
1209,pop
1210,soft rock
1211,pop
1212,pop
1213,rock
1214,pop
1215,pop
1216,pop
1217,disco
1218,pop
1219,pop
1220,rock
1221,pop
1222,pop
1223,soul
1224,soul
1225,pop
1226,pop
1227,pop
1228,pop
1229,funk
1230,rock
1231,easy listening
1232,pop
1233,pop
1234,pop
1235,pop
1236,rock
1237,pop
1238,pop
1239,rock
1240,pop
1241,pop
1242,pop
1243,rock
1244,rock
1245,rock
1246,soul
1247,pop
1248,dance
1249,pop
1250,pop
1251,pop
1252,pop
1253,rock
1254,funk
1255,pop
1256,rock
1257,pop
1258,rock
1259,pop
1260,pop
1261,pop
1262,pop
1263,rock
1264,rock
1265,rock
1266,rock
1267,soul
1268,pop
1269,rock
1270,
1271,pop
1272,soul
1273,pop
1274,rock
1275,rnb
1276,electronic
1277,pop
1278,funk
1279,soft rock
1280,dance
1281,pop
1282,pop
1283,rock
1284,pop
1285,pop
1286,rock
1287,pop
1288,rock
1289,soul
1290,pop
1291,soul
1292,pop
1293,pop
1294,pop
1295,soul
1296,rock
1297,soul
1298,pop
1299,pop
1300,pop
1301,soul
1302,soul
1303,soul
1304,pop
1305,pop
1306,pop
1307,rock
1308,pop
1309,rock
1310,pop
1311,soul
1312,
1313,pop
1314,pop
1315,pop
1316,rock
1317,rock
1318,funk
1319,rock
1320,pop
1321,pop
1322,pop
1323,pop
1324,pop
1325,pop
1326,pop
1327,pop
1328,rock
1329,billy ocean
1330,pop
1331,rock
1332,rock
1333,pop
1334,pop
1335,pop
1336,pop
1337,pop
1338,streamable track wants
1339,pop
1340,rock
1341,pop
1342,pop
1343,pop
1344,rock
1345,pop
1346,pop
1347,rock
1348,rock
1349,pop
1350,pop
1351,rock
1352,soul
1353,pop
1354,pop
1355,pop
1356,rock
1357,pop
1358,rock
1359,rock
1360,pop
1361,pop
1362,soul
1363,rock
1364,pop
1365,pop
1366,pop
1367,rock
1368,80s
1369,pop
1370,pop
1371,rock
1372,pop
1373,pop
1374,pop
1375,pop
1376,soft rock
1377,pop
1378,pop
1379,pop
1380,rock
1381,pop
1382,pop
1383,rock
1384,pop
1385,pop
1386,pop
1387,80s
1388,rock
1389,rock
1390,pop
1391,pop
1392,pop
1393,pop
1394,pop
1395,rock
1396,rnb
1397,rock
1398,soft rock
1399,rock
1400,rock
1401,rnb
1402,rock
1403,pop
1404,pop
1405,pop
1406,pop
1407,pop
1408,pop
1409,soul
1410,pop
1411,pop
1412,pop
1413,pop
1414,rock
1415,pop
1416,pop
1417,pop
1418,rnb
1419,pop
1420,pop
1421,pop
1422,rock
1423,pop
1424,pop
1425,80s
1426,
1427,pop
1428,pop
1429,pop
1430,pop
1431,hip hop
1432,rock
1433,pop
1434,pop
1435,80s
1436,
1437,rock
1438,pop
1439,hip hop
1440,rock
1441,funk
1442,80s
1443,dance
1444,pop
1445,rnb
1446,pop
1447,80s
1448,rock
1449,
1450,pop
1451,pop
1452,pop
1453,hip hop
1454,pop
1455,pop
1456,pop
1457,soul
1458,rock
1459,rock
1460,dance
1461,pop
1462,dance
1463,pop
1464,pop
1465,rock
1466,reggae
1467,rock
1468,pop
1469,country
1470,pop
1471,pop
1472,rnb
1473,pop
1474,pop
1475,dance
1476,90s
1477,pop
1478,pop
1479,pop
1480,pop
1481,rock
1482,pop
1483,pop
1484,rock
1485,soul
1486,rock
1487,pop
1488,pop
1489,pop
1490,soul
1491,soul
1492,soul
1493,pop
1494,rap
1495,pop
1496,soul
1497,pop
1498,pop
1499,rnb
1500,rock
1501,rnb
1502,dance
1503,pop
1504,pop
1505,pop
1506,rock
1507,rnb
1508,rnb
1509,pop
1510,rnb
1511,pop
1512,pop
1513,rock
1514,pop
1515,pop
1516,indie
1517,pop
1518,dance
1519,dance
1520,pop
1521,pop
1522,pop
1523,soul
1524,pop
1525,pop
1526,pop
1527,rnb
1528,pop
1529,dance
1530,rock
1531,pop
1532,american
1533,rock
1534,pop
1535,hip hop
1536,rock
1537,pop
1538,pop
1539,rock
1540,pop
1541,dance
1542,rock
1543,luther vandrosspower of love 
1544,pop
1545,rock
1546,dance
1547,pop
1548,pop
1549,rap
1550,rnb
1551,rap
1552,pop
1553,rnb
1554,rock
1555,soul
1556,rock
1557,pop
1558,pop
1559,rnb
1560,rock
1561,pop
1562,pop
1563,country
1564,pop
1565,rock
1566,rock
1567,pop
1568,dance
1569,pop
1570,easy listening
1571,pop
1572,hip hop
1573,pop
1574,pop
1575,pop
1576,soul
1577,rnb
1578,rnb
1579,grunge
1580,rnb
1581,pop
1582,rnb
1583,rnb
1584,rnb
1585,dance
1586,rock
1587,hip hop
1588,test
1589,pop
1590,pop
1591,hip hop
1592,pop
1593,soul
1594,pop
1595,soul
1596,pop
1597,rock
1598,pop
1599,rock
1600,rnb
1601,rap
1602,pop
1603,rnb
1604,rock
1605,soul
1606,rock
1607,pop
1608,pop
1609,rnb
1610,rock
1611,pop
1612,pop
1613,country
1614,pop
1615,rock
1616,rock
1617,pop
1618,dance
1619,pop
1620,easy listening
1621,pop
1622,hip hop
1623,pop
1624,pop
1625,pop
1626,soul
1627,rnb
1628,rnb
1629,grunge
1630,rnb
1631,pop
1632,rnb
1633,rnb
1634,rnb
1635,dance
1636,rock
1637,hip hop
1638,test
1639,pop
1640,pop
1641,hip hop
1642,pop
1643,soul
1644,pop
1645,soul
1646,pop
1647,rock
1648,pop
1649,rock
1650,pop
1651,rnb
1652,rnb
1653,pop
1654,pop
1655,pop
1656,rnb
1657,rock
1658,pop
1659,pop
1660,rnb
1661,pop
1662,pop
1663,hip hop
1664,rock
1665,pop
1666,rnb
1667,pop
1668,hip hop
1669,reggae
1670,hip hop
1671,pop
1672,rnb
1673,pop
1674,rnb
1675,rock
1676,pop
1677,hip hop
1678,
1679,rock
1680,pop
1681,electronic
1682,rock
1683,rnb
1684,hip hop
1685,90s
1686,funk
1687,90s
1688,rock
1689,rnb
1690,rnb
1691,dance
1692,pop
1693,pop
1694,rock
1695,indie
1696,rock
1697,rap
1698,rnb
1699,dance
1700,pop
1701,pop
1702,rnb
1703,pop
1704,blues
1705,pop
1706,rnb
1707,rnb
1708,
1709,electronic
1710,rock
1711,rnb
1712,rock
1713,rnb
1714,rap
1715,pop
1716,blues
1717,hip hop
1718,rap
1719,pop
1720,dance
1721,rock
1722,pop
1723,pop
1724,love
1725,rock
1726,rock
1727,rock
1728,folk
1729,rnb
1730,rap
1731,rnb
1732,soul
1733,rnb
1734,dance
1735,rnb
1736,pop
1737,rock
1738,rnb
1739,rnb
1740,rock
1741,rnb
1742,rnb
1743,rnb
1744,pop
1745,pop
1746,rock
1747,pop
1748,rnb
1749,pop
1750,pop
1751,hip hop
1752,soul
1753,hip hop
1754,rnb
1755,rnb
1756,country
1757,pop
1758,pop
1759,pop
1760,rnb
1761,rnb
1762,rock
1763,rnb
1764,rock
1765,pop
1766,soul
1767,hip hop
1768,pop
1769,rnb
1770,rnb
1771,rap
1772,rnb
1773,rnb
1774,pop
1775,pop
1776,rnb
1777,rnb
1778,pop
1779,pop
1780,rap
1781,pop
1782,rock
1783,rnb
1784,pop
1785,folk
1786,country
1787,pop
1788,pop
1789,rnb
1790,rnb
1791,pop
1792,hip hop
1793,rap
1794,rnb
1795,pop
1796,pop
1797,soul
1798,pop
1799,pop
1800,rnb
1801,rnb
1802,rnb
1803,pop
1804,pop
1805,pop
1806,pop
1807,rnb
1808,pop
1809,rnb
1810,pop
1811,rock
1812,pop
1813,pop
1814,rock
1815,pop
1816,rock
1817,rnb
1818,rnb
1819,rock
1820,grunge
1821,pop
1822,pop
1823,rnb
1824,rock
1825,rock
1826,rock
1827,country
1828,rap
1829,pop
1830,pop
1831,pop
1832,pop
1833,hip hop
1834,rock
1835,
1836,pop
1837,rnb
1838,pop
1839,boybands
1840,pop
1841,rnb
1842,pop
1843,pop
1844,hip hop
1845,pop
1846,hip hop
1847,country
1848,country
1849,country
1850,rock
1851,rock
1852,rnb
1853,rock
1854,rnb
1855,pop
1856,country
1857,rock
1858,rnb
1859,rock
1860,rnb
1861,hip hop
1862,rnb
1863,rock
1864,pop
1865,pop
1866,pop
1867,pop
1868,rnb
1869,pop
1870,pop
1871,pop
1872,rnb
1873,rnb
1874,soul
1875,pop
1876,pop
1877,rap
1878,rnb
1879,pop
1880,hip hop
1881,pop
1882,dance
1883,country
1884,rock
1885,pop
1886,pop
1887,rnb
1888,rock
1889,country
1890,pop
1891,rock
1892,country
1893,rnb
1894,rnb
1895,rnb
1896,rock
1897,dance
1898,pop
1899,rock
1900,soul
1901,pop
1902,rock
1903,pop
1904,rock
1905,hip hop
1906,pop
1907,rock
1908,rnb
1909,rnb
1910,reggae
1911,rnb
1912,rock
1913,rnb
1914,rnb
1915,reggae
1916,rap
1917,pop
1918,rnb
1919,rock
1920,hip hop
1921,rnb
1922,pop
1923,hip hop
1924,pop
1925,country
1926,pop
1927,rock
1928,hip hop
1929,rnb
1930,country
1931,electronic
1932,pop
1933,hip hop
1934,rnb
1935,rnb
1936,pop
1937,rock
1938,rnb
1939,pop
1940,rnb
1941,pop
1942,rock
1943,rnb
1944,rock
1945,rock
1946,rnb
1947,rnb
1948,rnb
1949,rock
1950,rnb
1951,hip hop
1952,rnb
1953,rock
1954,pop
1955,rock
1956,hip hop
1957,rnb
1958,rock
1959,pop
1960,hip hop
1961,pop
1962,rock
1963,
1964,rnb
1965,rnb
1966,
1967,rnb
1968,rock
1969,rap
1970,pop
1971,pop
1972,pop
1973,rock
1974,rock
1975,rock
1976,pop
1977,pop
1978,hip hop
1979,dance
1980,pop
1981,pop
1982,rnb
1983,pop
1984,pop
1985,hip hop
1986,hip hop
1987,pop
1988,rnb
1989,rnb
1990,rock
1991,pop
1992,hip hop
1993,pop
1994,rock
1995,rap
1996,rnb
1997,
1998,rap
1999,rap
2000,rnb
2001,reggae
2002,pop
2003,rock
2004,rock
2005,hip hop
2006,rnb
2007,rock
2008,rap
2009,rnb
2010,
2011,hip hop
2012,pop
2013,pop
2014,rap
2015,pop
2016,rock
2017,hip hop
2018,rap
2019,rnb
2020,hip hop
2021,rap
2022,hip hop
2023,hip hop
2024,rock
2025,rap
2026,rnb
2027,pop
2028,rnb
2029,pop
2030,reggae
2031,pop
2032,
2033,hip hop
2034,hip hop
2035,rnb
2036,rap
2037,rnb
2038,hip hop
2039,hip hop
2040,pop
2041,rock
2042,hip hop
2043,pop
2044,pop
2045,rock
2046,rnb
2047,rap
2048,pop
2049,rnb
2050,rnb
2051,soul
2052,pop
2053,hip hop
2054,rock
2055,rnb
2056,hip hop
2057,dance
2058,hip hop
2059,hip hop
2060,rnb
2061,rap
2062,rap
2063,rock
2064,hip hop
2065,rock
2066,rnb
2067,rock
2068,hip hop
2069,hip hop
2070,dance
2071,rnb
2072,rnb
2073,rap
2074,pop
2075,reggae
2076,pop
2077,rnb
2078,rnb
2079,hip hop
2080,hip hop
2081,jay-znumb 
2082,soul
2083,pop
2084,pop
2085,rock
2086,pop
2087,pop
2088,pop
2089,rnb
2090,hip hop
2091,hip hop
2092,hip hop
2093,rap
2094,rnb
2095,hip hop
2096,pop
2097,rap
2098,pop
2099,pop
2100,reggae
2101,pop
2102,pop
2103,dance
2104,pop
2105,soul
2106,rap
2107,pop
2108,rnb
2109,rnb
2110,rap
2111,pop rock
2112,rnb
2113,pop
2114,rnb
2115,rnb
2116,rap
2117,pop
2118,rock
2119,rock
2120,pop
2121,rock
2122,hip hop
2123,rap
2124,country
2125,rock
2126,pop
2127,indie
2128,rock
2129,dance
2130,pop
2131,rock
2132,hip hop
2133,rap
2134,rap
2135,reggae
2136,rock
2137,pop
2138,pop
2139,
2140,hip hop
2141,hip hop
2142,hip hop
2143,pop
2144,hip hop
2145,rap
2146,rock
2147,rock
2148,rnb
2149,rnb
2150,pop
2151,pop
2152,pop
2153,hip hop
2154,country
2155,indie
2156,hip hop
2157,pop
2158,pop
2159,rnb
2160,pop
2161,pop
2162,rap
2163,hip hop
2164,hip hop
2165,rock
2166,hip hop
2167,pop
2168,rap
2169,rnb
2170,pop
2171,gym class heroescupid's chokehold 
2172,rock
2173,rock
2174,pop
2175,hip hop
2176,hip hop
2177,pop
2178,hip hop
2179,rnb
2180,rock
2181,hip hop
2182,phat beatz
2183,rap
2184,rock
2185,rock
2186,rock
2187,pop
2188,rnb
2189,hip hop
2190,hip hop
2191,hip hop
2192,rnb
2193,rock
2194,rock
2195,rnb
2196,hip hop
2197,rock
2198,hip hop
2199,hip hop
2200,pop
2201,soul
2202,hip hop
2203,rnb
2204,pop
2205,pop
2206,rnb
2207,rnb
2208,rnb
2209,hip hop
2210,pop
2211,rock
2212,pop
2213,hip hop
2214,pop
2215,dance
2216,pop
2217,hip hop
2218,rnb
2219,pop
2220,pop
2221,pop
2222,pop
2223,rock
2224,pop
2225,chill
2226,pop
2227,hip hop
2228,pop
2229,pop
2230,dance
2231,rock
2232,rnb
2233,hip hop
2234,pop
2235,rap
2236,hip hop
2237,rnb
2238,hip hop
2239,country
2240,pop
2241,rap
2242,rock
2243,rnb
2244,soul
2245,country
2246,pop
2247,rap
2248,rnb
2249,dance
2250,pop
2251,dance
2252,pop
2253,country
2254,hip hop
2255,rnb
2256,hip hop
2257,rock
2258,country
2259,rap
2260,rock
2261,rock
2262,rnb
2263,rnb
2264,reggaeton
2265,rap
2266,hip hop
2267,pop
2268,pop
2269,hip hop
2270,pop
2271,pop
2272,pop
2273,rock
2274,pop
2275,hip hop
2276,pop
2277,electronic
2278,hip hop
2279,dance
2280,dance
2281,pop
2282,dance
2283,pop
2284,rnb
2285,pop
2286,pop
2287,hip hop
2288,pop
2289,rnb
2290,electropop
2291,hip hop
2292,pop
2293,dance
2294,rap
2295,rnb
2296,rnb
2297,pop
2298,pop
2299,dance
2300,country
2301,pop
2302,pop
2303,pop
2304,rap
2305,rap
2306,pop
2307,dance
2308,dance
2309,hip hop
2310,dance
2311,rap
2312,pop
2313,pop
2314,pop
2315,pop
2316,pop
2317,pop
2318,hip hop
2319,rap
2320,dance
2321,hip hop
2322,rap
2323,pop
2324,dance
2325,rock
2326,pop
2327,pop
2328,electronic
2329,rnb
2330,rnb
2331,pop
2332,pop
2333,hip hop
2334,rap
2335,dance
2336,hip hop
2337,pop
2338,dance
2339,pop
2340,electropop
2341,pop
2342,pop
2343,pop
2344,country
2345,pop
2346,pop
2347,hip hop
2348,hip hop
2349,soul
2350,dance
2351,pop
2352,pop
2353,dance
2354,pop
2355,pop
2356,hip hop
2357,pop
2358,pop
2359,dance
2360,pop
2361,indie
2362,pop
2363,pop
2364,dance
2365,pop
2366,pop
2367,pop
2368,rnb
2369,hip hop
2370,dance
2371,hip hop
2372,soul
2373,rock
2374,pop
2375,pop
2376,hip hop
2377,pop
2378,pop
2379,hip hop
2380,pop
2381,pop
2382,rap
2383,country
2384,hip hop
2385,dance
2386,hip hop
2387,dance
2388,pop
2389,hip hop
2390,country
2391,country
2392,dance
2393,2010
2394,pop
2395,hip hop
2396,dance
2397,dance
2398,hip hop
2399,indie
2400,pop
2401,indie
2402,pop
2403,pop
2404,pop
2405,pop
2406,pop
2407,pop
2408,pop
2409,pop
2410,soul
2411,dance
2412,indie
2413,pop
2414,hip hop
2415,hip hop
2416,pop
2417,pop
2418,rap
2419,dance
2420,indie
2421,rnb
2422,dance
2423,pop
2424,pop
2425,hip hop
2426,pop
2427,dance
2428,electronic
2429,pop
2430,
2431,pop
2432,pop
2433,pop
2434,pop
2435,8 of 10 stars
2436,pop
2437,pop
2438,hip hop
2439,pop
2440,dance
2441,soul
2442,dance
2443,rap
2444,pop
2445,dance
2446,pop
2447,folk
2448,dance
2449,rock and roll
2450,jazz
2451,soul
2452,soul
2453,jazz
2454,rock and roll
2455,blues
2456,jazz
2457,pop
2458,rock and roll
2459,rock and roll
2460,rock and roll
2461,swing
2462,soul
2463,rock and roll
2464,easy listening
2465,blues
2466,rock and roll
2467,jazz
2468,country
2469,country
2470,rock and roll
2471,rock and roll
2472,rock and roll
2473,rock and roll
2474,60s
2475,jazz
2476,soul
2477,rock and roll
2478,rock and roll
2479,doo wop
2480,rock and roll
2481,jazz
2482,rock and roll
2483,doo wop
2484,jazz
2485,jazz
2486,country
2487,rock and roll
2488,harry belafonte - banana boat
2489,pop
2490,rnb
2491,doo wop
2492,rock and roll
2493,oldies
2494,rock and roll
2495,rock and roll
2496,rock and roll
2497,rock and roll
2498,
2499,rock and roll
2500,rock and roll
2501,rock and roll
2502,rock and roll
2503,jazz
2504,jazz
2505,rock and roll
2506,rock and roll
2507,rock and roll
2508,
2509,rock and roll
2510,country
2511,rock and roll
2512,soul
2513,rock and roll
2514,easy listening
2515,rock and roll
2516,rock and roll
2517,jazz
2518,swing
2519,easy listening
2520,rock and roll
2521,country
2522,jazz
2523,soul
2524,rock and roll
2525,rnb
2526,swing
2527,blues
2528,rock and roll
2529,country
2530,rock and roll
2531,motown
2532,jazz
2533,easy listening
2534,rock and roll
2535,jazz
2536,blues
2537,jazz
2538,rock and roll
2539,easy listening
2540,jazz
2541,rock and roll
2542,soul
2543,country
2544,rock and roll
2545,rock and roll
2546,pop
2547,easy listening
2548,swing
2549,rock and roll
2550,pop
2551,pop
2552,rock and roll
2553,jazz
2554,jazz
2555,jazz
2556,easy listening
2557,rock and roll
2558,pop
2559,rock and roll
2560,oldies
2561,rock and roll
2562,doo wop
2563,doo wop
2564,pop
2565,jazz
2566,oldies
2567,pop
2568,jazz
2569,rock and roll
2570,rock and roll
2571,country
2572,rock and roll
2573,swing
2574,rnb
2575,oldies
2576,soul
2577,jazz
2578,country
2579,swing
2580,swing
2581,rock and roll
2582,easy listening
2583,jazz
2584,jazz
2585,blues
2586,soul
2587,country
2588,jazz
2589,easy listening
2590,soul
2591,rnb
2592,doo wop
2593,jazz
2594,oldies
2595,soul
2596,doo wop
2597,soul
2598,doo wop
2599,soul
2600,soul
2601,rock
2602,soul
2603,rock
2604,soul
2605,rock
2606,soul
2607,rock
2608,soul
2609,pop
2610,pop
2611,rock
2612,soul
2613,soul
2614,rock
2615,pop
2616,rock
2617,rock
2618,motown
2619,rock
2620,soul
2621,rock
2622,pop
2623,motown
2624,rock
2625,folk
2626,motown
2627,soul
2628,rock
2629,soul
2630,funk
2631,soul
2632,soul
2633,soul
2634,folk
2635,rock
2636,rock
2637,soul
2638,pop
2639,pop
2640,folk
2641,
2642,soul
2643,country
2644,pop
2645,rock
2646,soul
2647,folk
2648,pop
2649,soul
2650,pop
2651,rock
2652,motown
2653,folk
2654,rock
2655,rock
2656,soul
2657,swing
2658,rock and roll
2659,folk
2660,pop
2661,rock
2662,soul
2663,rock
2664,easy listening
2665,soul
2666,rock
2667,rock
2668,soul
2669,pop
2670,soul
2671,pop
2672,soul
2673,jazz
2674,pop
2675,soul
2676,rock
2677,rock
2678,easy listening
2679,pop
2680,soul
2681,soul
2682,soul
2683,soul
2684,motown
2685,rock
2686,rock
2687,folk
2688,pop
2689,country
2690,rock
2691,
2692,rock
2693,country
2694,rock and roll
2695,rock
2696,pop
2697,jazz
2698,motown
2699,rock
2700,soul
2701,soul
2702,folk
2703,jazz
2704,rock
2705,pop
2706,motown
2707,motown
2708,soul
2709,rock
2710,rock and roll
2711,rock
2712,folk
2713,singer-songwriter
2714,folk
2715,soul
2716,motown
2717,rock
2718,soul
2719,rock and roll
2720,
2721,rock
2722,folk
2723,soul
2724,pop
2725,motown
2726,pop
2727,motown
2728,rock
2729,country
2730,folk
2731,motown
2732,rock
2733,pop
2734,folk
2735,soul
2736,rock
2737,rock
2738,rock
2739,soul
2740,rock and roll
2741,soul
2742,pop
2743,country
2744,pop
2745,rock and roll
2746,folk
2747,pop
2748,soul
2749,reggae
2750,folk
2751,soul
2752,rock
2753,rock
2754,pop
2755,disco
2756,soul
2757,rock
2758,rock
2759,country
2760,rock
2761,rock
2762,pop
2763,soul
2764,rock
2765,pop
2766,pop
2767,
2768,rock
2769,rock
2770,rock
2771,rock
2772,folk
2773,rock
2774,rock
2775,rock
2776,rock
2777,pop
2778,rock
2779,soul
2780,pop
2781,rock
2782,folk
2783,rock
2784,rock
2785,country
2786,rock
2787,pop
2788,folk
2789,folk
2790,soft rock
2791,pop
2792,rock and roll
2793,folk
2794,folk
2795,pop
2796,pop
2797,rock
2798,rock
2799,pop
2800,rock
2801,rock
2802,pop
2803,folk
2804,rock
2805,rock
2806,rock
2807,rock
2808,rock
2809,pop
2810,pop
2811,pop
2812,pop
2813,rock
2814,rock
2815,rock
2816,soul
2817,rock
2818,7 of 10 stars
2819,pop
2820,disco
2821,rock
2822,country
2823,pop
2824,pop
2825,
2826,rock
2827,disco
2828,pop
2829,funk
2830,disco
2831,rock
2832,country
2833,disco
2834,rock
2835,soft rock
2836,soul
2837,rock
2838,rock
2839,rock
2840,glam rock
2841,rock
2842,rock
2843,soul
2844,rock
2845,soul
2846,rock
2847,soul
2848,soul
2849,rock
2850,country
2851,disco
2852,rock
2853,rock
2854,rock
2855,rock
2856,pop
2857,rock
2858,rock
2859,soul
2860,country
2861,rock
2862,rock
2863,disco
2864,pop
2865,pop
2866,soft rock
2867,rock
2868,rock
2869,rock
2870,soul
2871,rock
2872,rock
2873,soul
2874,pop
2875,rock
2876,rock
2877,rock
2878,rock
2879,rock
2880,rock
2881,pop
2882,rock
2883,disco
2884,soul
2885,rock
2886,reggae
2887,rock
2888,soul
2889,disco
2890,rock
2891,pop
2892,funk
2893,pop
2894,disco
2895,reggae
2896,rock
2897,disco
2898,pop
2899,pop
2900,pop
2901,pop
2902,pop
2903,rock
2904,rock
2905,pop
2906,pop
2907,pop
2908,rock
2909,funk
2910,pop
2911,pop
2912,pop
2913,rock
2914,rock
2915,rock
2916,country
2917,pop
2918,pop
2919,rock
2920,pop
2921,rock
2922,pop
2923,pop
2924,rock
2925,rock
2926,pop
2927,pop
2928,rock
2929,rock
2930,pop
2931,pop
2932,pop
2933,pop
2934,rock
2935,pop
2936,pop
2937,pop
2938,pop
2939,rock
2940,rock
2941,rock
2942,rock
2943,pop
2944,pop
2945,pop
2946,pop
2947,rock
2948,pop
2949,pop
2950,pop
2951,rock
2952,rock
2953,pop
2954,pop
2955,pop
2956,disco
2957,rock
2958,pop
2959,rock
2960,pop
2961,pop
2962,rock
2963,pop
2964,pop
2965,rock
2966,rock
2967,pop
2968,rock
2969,pop
2970,pop
2971,pop
2972,rock
2973,rock
2974,rock
2975,pop
2976,pop
2977,rock
2978,pop
2979,rock
2980,rock
2981,electronic
2982,pop
2983,pop
2984,rock
2985,rock
2986,rock
2987,pop
2988,pop
2989,rock
2990,disco
2991,rock
2992,pop
2993,rock
2994,pop
2995,rock
2996,pop
2997,rock
2998,pop
2999,pop
3000,rock
3001,rock
3002,pop
3003,rock
3004,pop
3005,billy ocean
3006,rock
3007,pop
3008,rock
3009,rock
3010,reggae
3011,disco
3012,soul
3013,pop
3014,rock
3015,funk
3016,pop
3017,rock
3018,disco
3019,rock
3020,rock
3021,pop
3022,rock
3023,rock
3024,rock
3025,rock
3026,rock
3027,rock
3028,country
3029,rock
3030,rock
3031,rock
3032,pop
3033,pop
3034,disco
3035,pop
3036,soft rock
3037,pop
3038,rock
3039,pop
3040,rock
3041,rock
3042,rock
3043,rock
3044,pop
3045,pop
3046,pop
3047,soul
3048,pop
3049,pop
3050,pop
3051,pop
3052,rock
3053,rock
3054,pop
3055,pop
3056,rap
3057,grunge
3058,pop
3059,rock
3060,pop
3061,pop
3062,pop
3063,pop
3064,country
3065,rock
3066,country
3067,pop
3068,pop
3069,pop
3070,rock
3071,pop
3072,rock
3073,pop
3074,country
3075,pop
3076,pop
3077,pop
3078,pop
3079,pop
3080,country
3081,pop
3082,pop
3083,pop
3084,pop
3085,reggae
3086,pop
3087,pop
3088,pop
3089,pop
3090,pop
3091,rock
3092,pop
3093,pop
3094,dance
3095,pop
3096,pop
3097,rock
3098,pop
3099,pop
3100,pop
3101,pop
3102,pop
3103,pop
3104,pop
3105,pop
3106,pop
3107,pop
3108,pop
3109,pop
3110,pop
3111,pop
3112,pop
3113,indie
3114,rock
3115,rock
3116,pop
3117,pop
3118,pop
3119,pop
3120,pop
3121,pop
3122,rock
3123,soul
3124,rock
3125,pop
3126,90s
3127,pop
3128,dance
3129,rnb
3130,pop
3131,pop
3132,country
3133,rock
3134,pop
3135,pop
3136,rnb
3137,pop
3138,pop
3139,pop
3140,pop
3141,pop
3142,rock
3143,pop
3144,pop
3145,rock
3146,pop
3147,rock
3148,pop
3149,pop
3150,rock
3151,pop
3152,pop
3153,pop
3154,pop
3155,pop
3156,rock
3157,dance
3158,pop
3159,pop
3160,rock
3161,reggae
3162,soul
3163,pop
3164,pop
3165,pop
3166,rnb
3167,rock
3168,rock
3169,rnb
3170,pop
3171,rock
3172,pop
3173,rock
3174,rock
3175,pop
3176,rock
3177,pop
3178,rnb
3179,rock
3180,pop
3181,rock
3182,blues
3183,rnb
3184,rock
3185,pop
3186,rnb
3187,pop
3188,rnb
3189,rock
3190,soul
3191,rnb
3192,rock
3193,rock
3194,rock
3195,rock
3196,soul
3197,pop
3198,pop
3199,soul
3200,pop
3201,rnb
3202,pop
3203,dance
3204,rnb
3205,dance
3206,pop
3207,pop
3208,dance
3209,pop
3210,pop
3211,pop
3212,country
3213,pop
3214,pop
3215,pop
3216,pop
3217,pop
3218,pop
3219,pop
3220,pop
3221,pop
3222,pop
3223,pop
3224,pop
3225,dance
3226,pop
3227,dance
3228,pop
3229,dance
3230,pop
3231,pop
3232,pop
3233,pop
3234,pop
3235,rap
3236,pop
3237,pop
3238,pop
3239,pop
3240,pop
3241,rnb
3242,dance
3243,hip hop
3244,dance
3245,pop
3246,pop
3247,pop
3248,pop
3249,pop
3250,pop
3251,rnb
3252,pop
3253,rnb
3254,pop
3255,pop
3256,rock
3257,pop
3258,gym class heroescupid's chokehold 
3259,pop
3260,soul
3261,dance
3262,hip hop
3263,pop
3264,hip hop
3265,pop
3266,pop
3267,pop
3268,pop
3269,pop
3270,pop
3271,pop
3272,rnb
3273,pop
3274,pop
3275,rock
3276,pop
3277,hip hop
3278,rock
3279,hip hop
3280,pop
3281,rnb
3282,rnb
3283,pop
3284,pop
3285,pop
3286,pop
3287,pop
3288,reggae
3289,pop
3290,pop
3291,pop
3292,rnb
3293,pop
3294,pop
3295,rnb
3296,soul
3297,rap
3298,house
3299,pop
3300,pop
3301,pop
3302,pop
3303,rap
3304,rock
3305,pop
3306,pop
3307,indie
3308,dance
3309,pop
3310,pop
3311,electropop
3312,hip hop
3313,electronic
3314,hip hop
3315,rnb
3316,hip hop
3317,pop
3318,pop
3319,rock
3320,hip hop
3321,reggaeton
3322,rock
3323,hip hop
3324,hip hop
3325,rnb
3326,pop
3327,pop
3328,soul
3329,pop
3330,dance
3331,pop
3332,hip hop
3333,rnb
3334,rnb
3335,pop
3336,pop
3337,hip hop
3338,pop
3339,rnb
3340,rock
3341,pop
3342,rock
3343,rnb
3344,chill
3345,pop
3346,pop
3347,soul
3348,pop
